{"cameraMode":{"drawMode":0,"name":"Shaded","section":"Shading Mode"},"sceneLighting":true,"audioPlay":false,"sceneViewState":{"showFog":true,"showMaterialUpdate":false,"showSkybox":true,"showFlares":true,"showImageEffects":true,"showParticleSystems":true},"in2DMode":false,"pivot":{"x":0.0005031265318393707,"y":1.3370378017425538,"z":-13.346587181091309},"rotation":{"x":-0.00006565270450664684,"y":0.9985283017158508,"z":-0.054283078759908679,"w":-0.0011976221576333047},"size":25.129688262939454,"orthographic":false}