{"cameraMode":{"drawMode":0,"name":"Shaded","section":"Shading Mode"},"sceneLighting":true,"audioPlay":false,"sceneViewState":{"showFog":true,"showMaterialUpdate":false,"showSkybox":true,"showFlares":true,"showImageEffects":true,"showParticleSystems":true},"in2DMode":false,"pivot":{"x":0.1595802754163742,"y":1.2358835935592652,"z":11.789073944091797},"rotation":{"x":0.0015096545685082675,"y":0.01411015447229147,"z":-0.00002226310971309431,"w":0.9999043941497803},"size":15.15964412689209,"orthographic":false}