{"cameraMode":{"drawMode":0,"name":"Shaded","section":"Shading Mode"},"sceneLighting":true,"audioPlay":false,"sceneViewState":{"showFog":true,"showMaterialUpdate":false,"showSkybox":true,"showFlares":true,"showImageEffects":true,"showParticleSystems":true},"in2DMode":false,"pivot":{"x":-10.889961242675782,"y":-2.988945722579956,"z":1.8777008056640626},"rotation":{"x":0.10756868124008179,"y":-0.47744983434677126,"z":0.059028416872024539,"w":0.8700546026229858},"size":17.475900650024415,"orthographic":false}