{"cameraMode":{"drawMode":0,"name":"Shaded","section":"Shading Mode"},"sceneLighting":true,"audioPlay":false,"sceneViewState":{"showFog":true,"showMaterialUpdate":false,"showSkybox":true,"showFlares":true,"showImageEffects":true,"showParticleSystems":true},"in2DMode":false,"pivot":{"x":3.2998533248901369,"y":-0.24379444122314454,"z":-1.4798908233642579},"rotation":{"x":-0.07451418787240982,"y":-0.7563804984092712,"z":0.08753590285778046,"w":-0.6439664959907532},"size":12.473523139953614,"orthographic":false}